[
  {
    "PricingCode": "free-1",
    "Name": "Free Forever",
    "PagesLimit": 1,
    "AppsLimit": 1,
    "PriceCcy": "\u00A3",
    "Price": 0,
    "Attributes": {
      "readers": "Unlimited",
      "collaborators": "Unlimited",
      "dbCode": "db-schema-free-1",
      "signupLabel": "Sign Up"
    }
  },
  {
    "PricingCode": "pro-1",
    "Name": "Pro",
    "PagesLimit": 25,
    "AppsLimit": 3,
    "PriceCcy": "\u00A3",
    "Price": 40,
    "Attributes": {
      "readers": "Unlimited",
      "collaborators": "Unlimited",
      "dbCode": "db-schema-pro-1",
      "signupLabel": "Start 14 Days Trial"
    }
  },
  {
    "PricingCode": "premium-1",
    "Name": "Premium",
    "PagesLimit": 100,
    "AppsLimit": 10,
    "PriceCcy": "\u00A3",
    "Price": 70,
    "Attributes": {
      "readers": "Unlimited",
      "collaborators": "Unlimited",
      "dbCode": "db-schema-premium-1",
      "signupLabel": "Start 14 Days Trial"
    }
  }
]