[
  {
    "TemplateId": 1,
    "Name": "NorthwindApp",
    "Title": "Northwind Traders",
    "TemplateType": 1,
    "Categories": [
      "sampleCategory"
    ],
    "Keywords": [
      "sample"
    ],
    "ReferencePath": "/PublicData/NorthwindApp",
    "DefaultCodeFile": "?file=dashboard%2Fdashboard.page.xml",
    "ImageUrl": "assets/img/examples/northwind.png",
    "Icon": null,
    "Excerpt": "Northwind Traders is a fictions company invented by Microsoft for the purpose of demonstrating their database products, using the Northwind database. Originally Northwind database came out in 1997 with Microsoft Access in order to teach programmers how to use that application.",
    "IsCloneAllowed": true
  },
  {
    "TemplateId": 9,
    "Name": "FuturesApp",
    "Title": "Futures App",
    "TemplateType": 1,
    "Categories": [
      "Finance"
    ],
    "Keywords": [
      "Futures",
      " Finance"
    ],
    "ReferencePath": "/PublicData/Futures",
    "DefaultCodeFile": "?file=pages%2Fhome.page.xml",
    "ImageUrl": "assets/img/examples/futures.png",
    "Icon": null,
    "Excerpt": "Futures Data Explorer",
    "IsCloneAllowed": false
  },
  {
    "TemplateId": 10,
    "Name": "CustomCRM",
    "Title": "Custom CRM Application ",
    "TemplateType": 1,
    "Categories": [
      "sampleCategory"
    ],
    "Keywords": [
      "sample"
    ],
    "ReferencePath": "/PublicData/CustomCRM",
    "DefaultCodeFile": "?file=home.page.xml",
    "ImageUrl": "assets/img/examples/customCRM.png",
    "Icon": null,
    "Excerpt": "Custom CRM Application",
    "IsCloneAllowed": true
  },
  {
    "TemplateId": 11,
    "Name": "Mexican_Hospitales",
    "Title": "Mexican Hospitales COVID-19",
    "TemplateType": 1,
    "Categories": [
      "sample"
    ],
    "Keywords": [
      "map"
    ],
    "ReferencePath": "/mex-vent/PMV-ITAM-C19",
    "DefaultCodeFile": "?file=home.page.xml",
    "ImageUrl": "assets/img/examples/MexicanHospitals.PNG",
    "Icon": "",
    "Excerpt": "Capacity in general care beds in Covid-19 Hospitals",
    "IsCloneAllowed": false
  },
  {
    "TemplateId": 12,
    "Name": "Sales_Tracker",
    "Title": "Sample Sales Tracker",
    "TemplateType": 1,
    "Categories": [
      "sample"
    ],
    "Keywords": [
      "sales tracker app"
    ],
    "ReferencePath": "/publicData/SalesTracking",
    "DefaultCodeFile": "?file=home.page.xml",
    "ImageUrl": "assets/img/examples/SalesTrackerApp.PNG",
    "Icon": "",
    "Excerpt": "A sample sales Tracker Application",
    "IsCloneAllowed": true
  },
  {
    "TemplateId": 14,
    "Name": "JSPY_Playground",
    "Title": "JSPY Playground",
    "TemplateType": 1,
    "Categories": [
      "sample"
    ],
    "Keywords": [
      "jspy"
    ],
    "ReferencePath": "/guest/jspy-playground",
    "DefaultCodeFile": "?file=main.jspy",
    "ImageUrl": "assets/img/examples/carousel-image-02.jpg",
    "Icon": null,
    "Excerpt": "JSPY Playgroung for experiments",
    "IsCloneAllowed": true
  },
  {
    "TemplateId": 15,
    "Name": "Examples_Bits",
    "Title": "Examples",
    "TemplateType": 1,
    "Categories": [
      "sample"
    ],
    "Keywords": [
      "worksheets"
    ],
    "ReferencePath": "/publicdata/ExamplesApp",
    "DefaultCodeFile": "?file=examples%2Fmain-layouts%2Fmain-layouts.page.xml",
    "ImageUrl": "assets/img/examples/carousel-image-02.jpg",
    "Icon": null,
    "Excerpt": "Worksheet Systems Examples",
    "IsCloneAllowed": true
  },
  {
    "TemplateId": 16,
    "Name": "Plotly_Examples",
    "Title": "Plotly Examples",
    "TemplateType": 1,
    "Categories": [
      "sample"
    ],
    "Keywords": [
      "plotly"
    ],
    "ReferencePath": "/publicdata/plotly-examples",
    "DefaultCodeFile": "?file=plotly-samples%2F3d-surface-plot.jspy\u0026run=preview",
    "ImageUrl": "assets/img/examples/carousel-image-02.jpg",
    "Icon": null,
    "Excerpt": "Plotly Examples",
    "IsCloneAllowed": true
  }
]