{
	"requestContentModel": {
		"request": {
			"method": "GET",
			"url": "https://www.quandl.com/api/v3/datasets/CHRIS/MGEX_MW5.json?api_key=LEM5mQqZUZt2eWjiPJtF",
			"headers": [
				{
					"name": "Content-Type",
					"value": "application/json",
					"active": true
				}
			],
			"queryParameters": [
				{
					"active": true,
					"name": "api_key",
					"value": "LEM5mQqZUZt2eWjiPJtF"
				}
			],
			"contentType": "application/json"
		},
		"uiSettings": {
			"isRequestPanelCollapsed": true,
			"showObjectExplorer": true,
			"showContent": true,
			"showHeader": true,
			"showWorkflow": true,
			"showPages": true
		},
		"workflows": {
			"failOnError": true,
			"include": [
				"@common"
			],
			"vars": {},
			"workflowsMap": {
				"pre-request-actions": [],
				"success-response-actions": [],
				"error-response-actions": []
			},
			"consts": {}
		},
		"dynamicPages": [
			{
				"title": "Designer 2",
				"description": "Dynamic page 2",
				"pageName": "design2",
				"uiModel": {
					"type": "material:flex-container",
					"containerProperties": {
						"width": "100%",
						"height": "100px"
					},
					"itemProperties": {
						"fxLayout": "column",
						"fxLayoutGap": "1rem",
						"fxFlex": "0 1 auto",
						"width": "100%",
						"padding": "0",
						"height": "100%"
					},
					"children": [
						{
							"type": "material:text",
							"itemProperties": {
								"text": "Register",
								"width": "100%",
								"label": "Create Account"
							}
						},
						{
							"type": "material:text",
							"itemProperties": {
								"text": "Create your account.If already have account Login.",
								"fxLayout": "column"
							}
						},
						{
							"type": "bootstrap:text-input",
							"containerProperties": {},
							"itemProperties": {
								"label": "",
								"placeholder": "Username",
								"dataModelPath": "$.name",
								"width": "100%"
							}
						},
						{
							"type": "material:flex-container",
							"containerProperties": {
								"width": "100%",
								"height": ""
							},
							"itemProperties": {
								"fxLayout": "row",
								"fxLayoutGap": "1rem",
								"fxFlex": "0 1 auto",
								"width": "100%",
								"padding": "0",
								"height": "",
								"label": "",
								"placeholder": "Last name"
							},
							"children": [
								{
									"type": "bootstrap:text-input",
									"containerProperties": {
										"width": "100%"
									},
									"itemProperties": {
										"label": "",
										"placeholder": "Last name",
										"dataModelPath": "$.name",
										"width": "100%"
									}
								},
								{
									"type": "bootstrap:text-input",
									"containerProperties": {
										"width": "100%"
									},
									"itemProperties": {
										"label": "",
										"placeholder": "Last name",
										"dataModelPath": "$.name",
										"width": "100%"
									}
								}
							]
						},
						{
							"type": "bootstrap:text-input",
							"containerProperties": {},
							"itemProperties": {
								"label": "",
								"placeholder": "Password",
								"dataModelPath": "$.name",
								"width": "100%"
							}
						},
						{
							"type": "bootstrap:text-input",
							"containerProperties": {},
							"itemProperties": {
								"label": "",
								"placeholder": "Repeat password",
								"dataModelPath": "$.name",
								"width": "100%"
							}
						},
						{
							"type": "bootstrap:button",
							"containerProperties": {
								"width": "100%"
							},
							"itemProperties": {
								"label": "Create Account",
								"clickActionKey": "consoleLog",
								"width": "100%"
							}
						}
					]
				},
				"workflows": {
					"failOnError": true,
					"include": [
						"@common"
					],
					"vars": {},
					"workflowsMap": {
						"page1_OnInit": []
					},
					"consts": {}
				}
			},
			{
				"title": "Register form",
				"description": "Dynamic page 3",
				"pageName": "page3",
				"uiModel": {
					"type": "material:flex-container",
					"containerProperties": {
						"fxFlex": "1 1 100%"
					},
					"itemProperties": {
						"width": "100%",
						"height": "100%",
						"padding": "0",
						"margin": "0",
						"fxLayoutAlign": "center center",
						"fxLayout": "column",
						"fxLayoutGap": "8px",
						"min-width": "500px"
					},
					"children": [
						{
							"type": "material:flex-container",
							"containerProperties": {
								"fxFlex": "1 1 100%",
								"fxFlexFill": true
							},
							"itemProperties": {
								"fxLayout": "column",
								"fxLayoutGap": "8px",
								"width": "500px",
								"height": "100%",
								"min-height": "100%",
								"min-width": "100%",
								"fxLayoutAlign": "center stretch",
								"labelOrientation": "",
								"label": "Email Address",
								"padding": ".5rem 0"
							},
							"children": [
								{
									"type": "material:text",
									"itemProperties": {
										"text": "Create Account",
										"padding": "10px 0",
										"width": "100%",
										"min-width": "0 10px"
									},
									"containerProperties": {}
								},
								{
									"type": "material:text",
									"itemProperties": {
										"text": "Register for this site is easy",
										"padding": ".5rem 0"
									},
									"containerProperties": {
										"fxFlex": ""
									}
								},
								{
									"type": "material:flex-container",
									"containerProperties": {
										"fxFlex": "",
										"fxFlexFill": true
									},
									"itemProperties": {
										"fxLayout": "row",
										"fxLayoutGap": "8px",
										"width": "100%",
										"height": "",
										"min-height": "10px",
										"min-width": "100%",
										"label": "Email Address",
										"labelOrientation": "",
										"fxLayoutAlign": "center start",
										"padding": ".5rem 0"
									},
									"children": [
										{
											"type": "bootstrap:text-input",
											"containerProperties": {
												"fxFlex": "0 0 50%"
											},
											"itemProperties": {
												"label": "Username",
												"placeholder": "Enter your text",
												"dataModelPath": "$.path",
												"visible": true,
												"enabled": true,
												"inputWidth": "100%",
												"labelWidth": "80px",
												"width": "",
												"margin": "0",
												"labelOrientation": "",
												"padding": ""
											}
										},
										{
											"type": "bootstrap:text-input",
											"containerProperties": {
												"fxFlex": "0 0 50%"
											},
											"itemProperties": {
												"label": "Name",
												"placeholder": "Enter your text",
												"dataModelPath": "$.path",
												"visible": true,
												"enabled": true,
												"inputWidth": "100%",
												"labelWidth": "80px",
												"width": "",
												"margin": "0",
												"labelOrientation": "",
												"padding": ""
											}
										}
									]
								},
								{
									"type": "bootstrap:text-input",
									"containerProperties": {},
									"itemProperties": {
										"label": "Email Address",
										"placeholder": "Enter your text",
										"dataModelPath": "$.path",
										"visible": true,
										"enabled": true,
										"inputWidth": "100%",
										"labelWidth": "180px",
										"width": "100%",
										"margin": "0",
										"labelOrientation": ""
									}
								},
								{
									"type": "bootstrap:text-input",
									"containerProperties": {},
									"itemProperties": {
										"label": "Choose a password",
										"placeholder": "Enter your text",
										"dataModelPath": "$.path",
										"visible": true,
										"enabled": true,
										"inputWidth": "100%",
										"labelWidth": "180px",
										"width": "200px",
										"margin": "0",
										"labelOrientation": ""
									}
								},
								{
									"type": "bootstrap:text-input",
									"containerProperties": {},
									"itemProperties": {
										"label": "Repeat a password",
										"placeholder": "Enter your text",
										"dataModelPath": "$.path",
										"visible": true,
										"enabled": true,
										"inputWidth": "100%",
										"labelWidth": "180px",
										"width": "200px",
										"margin": "0",
										"labelOrientation": ""
									}
								},
								{
									"type": "material:flex-container",
									"containerProperties": {},
									"itemProperties": {
										"fxLayout": "row",
										"fxLayoutGap": "8px",
										"width": "100%",
										"height": "100%",
										"min-height": "10px",
										"min-width": "10px",
										"btnClass": "btn-light",
										"label": "Register",
										"fxLayoutAlign": "end"
									},
									"children": [
										{
											"type": "bootstrap:button",
											"containerProperties": {},
											"itemProperties": {
												"label": "Register",
												"clickActionKey": "consoleLog",
												"btnClass": "",
												"fxLayoutAlign": "end"
											}
										},
										{
											"type": "bootstrap:button",
											"containerProperties": {},
											"itemProperties": {
												"label": "Cancel",
												"clickActionKey": "consoleLog",
												"btnClass": "btn-light"
											}
										}
									]
								}
							]
						}
					]
				},
				"workflows": {
					"failOnError": true,
					"include": [
						"@common"
					],
					"vars": {},
					"workflowsMap": {
						"page2_OnInit": []
					},
					"consts": {}
				}
			}
		],
		"workflowLogs": []
	}
}